{
  "project_info": {
    "project_number": "1082271065361",
    "firebase_url": "https://jaywayproject.firebaseio.com",
    "project_id": "jaywayproject",
    "storage_bucket": "jaywayproject.appspot.com"
  },
  "client": [
    {
      "client_info": {
        "mobilesdk_app_id": "1:1082271065361:android:6ae6ea8976d56541",
        "android_client_info": {
          "package_name": "com.example.peter.jaywayproject"
        }
      },
      "oauth_client": [
        {
          "client_id": "1082271065361-g3vnniq694pfrvdblupbeiu45vb4f6b4.apps.googleusercontent.com",
          "client_type": 1,
          "android_info": {
            "package_name": "com.example.peter.jaywayproject",
            "certificate_hash": "4a1b659a7b86591042515393e77cebf9581a84a5"
          }
        },
        {
          "client_id": "1082271065361-d5cnbr50176fmk3lg09tu42hka8a0gmf.apps.googleusercontent.com",
          "client_type": 3
        }
      ],
      "api_key": [
        {
          "current_key": "AIzaSyDQAOVTUVGaK2i9HvJ8VgAlHzoPi-0IMJ8"
        }
      ],
      "services": {
        "analytics_service": {
          "status": 1
        },
        "appinvite_service": {
          "status": 2,
          "other_platform_oauth_client": [
            {
              "client_id": "1082271065361-d5cnbr50176fmk3lg09tu42hka8a0gmf.apps.googleusercontent.com",
              "client_type": 3
            }
          ]
        },
        "ads_service": {
          "status": 2
        }
      }
    }
  ],
  "configuration_version": "1"
}